algorithm,step_size,integration_time,steps,failures,seconds,draws_per_second,bulk_ess,tail_ess,bulk_ess_per_transition,tail_ess_per_transition,bulk_ess_per_second,tail_ess_per_second,rank_normalized_rhat,latent_esjd,latent_mean_rmse,latent_variance_rmse
hmc,0.001,0.1,100,0,0.837544941,4775.863125892847,38.839291531427946,27.487252603235216,0.010788692092063318,0.007635347945343115,46.372785065187266,32.81883903497331,1.818126735106187,0.009500997812772733,0.22521603555176545,0.36135008753798925
hmc,0.002,0.1,50,0,0.5862092109999999,6823.502471372803,37.32578834711283,15.22198345559954,0.010368274540864674,0.004228328737666539,63.673152258115636,25.966810432119843,1.8234190862203012,0.009515908129192414,0.24361541109400506,0.3982388462533545
hmc,0.005,0.1,20,0,0.228289847,17521.585180264283,38.67658549373176,13.532022967185167,0.010743495970481043,0.0037588952686625466,169.41877180254872,59.27562327020688,1.663075265597222,0.009213046441751438,0.23702738539633048,0.37289289384393043
hmc,0.001,0.2,200,0,1.859578017,2151.0256431472967,35.23451119438238,16.101737364215275,0.009787364220661772,0.0044727048233931315,18.947584275719247,8.658812492412505,1.5969758892045938,0.017452657481027933,0.202693019224516,0.2887224952501384
hmc,0.002,0.2,100,0,1.15555965,3461.526196419198,34.112172275966856,17.071595876233005,0.009475603409990794,0.0047421099656202795,29.52004448750599,14.773444085065625,1.8561181271559888,0.0182864754256742,0.19721313314185857,0.3641635582816304
hmc,0.005,0.2,40,0,0.438503787,9121.928062162893,48.85096019618882,26.524512299427574,0.013569711165608006,0.007367920083174326,111.40373616930434,60.4886732698333,2.0117969172552614,0.018541236968813893,0.2666878390085382,0.29125827665142895
full-rmhmc,0.04,1.0,25,0,505.98687499000005,7.905343394685985,643.5775149707025,1437.2519816166364,0.17877153193630627,0.3992366615601768,1.2719253142355158,2.8404926148431047,1.0063858771491137,0.8254679272343234,0.022459568423843137,0.03357332789301772
random-sketch-rmhmc,0.005,1.0,200,0,92.071647752,43.4444272223108,1193.1223355237753,2145.6480034674037,0.33142287097882644,0.596013334296501,12.958629118244035,23.30411213283402,1.0420422985839377,0.6807350580274208,0.042842032941467566,0.6867929488800142
random-sketch-rmhmc,0.01,1.0,100,0,59.814106646,66.8738567587968,1149.7956501785188,2053.9042667220397,0.3193876806051441,0.5705289629783443,19.222817402981477,34.338124932262815,1.0758758926067593,0.7546807875284889,0.04100672575308553,0.6640532386335298
