algorithm,probes,step_size,integration_time,steps,draws,burnin,retained_per_chain,failures,seconds,draws_per_second,bulk_ess,tail_ess,bulk_ess_per_transition,tail_ess_per_transition,bulk_ess_per_second,tail_ess_per_second,rank_normalized_rhat,latent_esjd,latent_mean_rmse,latent_variance_rmse
hmc,1,0.001,0.1,100,2000,1000,1000,0,0.7183598980000001,11136.479113426232,56.40289604875416,28.06448533539855,0.01410072401218854,0.007016121333849637,78.5162092229627,39.06744434584034,1.3531157951049206,0.034442343487141314,0.061070829010168255,0.29452985715355173
hmc,1,0.002,0.1,50,2000,1000,1000,0,0.409803694,19521.54194100554,53.992773441095686,85.53814501155263,0.013498193360273922,0.021384536252888157,131.7527739051949,208.7295606748548,1.2691791497064264,0.03216398496106543,0.06015380461883732,0.3166717935768051
hmc,1,0.005,0.1,20,2000,1000,1000,0,0.15009358,53300.08118934867,51.660148232605,19.553976784358305,0.01291503705815125,0.004888494196089576,344.18626188145424,130.2785687726171,1.6092133139145233,0.03620927368207792,0.15112891780429671,0.27815680312223706
hmc,1,0.001,0.2,200,2000,1000,1000,0,1.482350257,5396.8351691660955,106.15046904122812,220.97611054052493,0.02653761726030703,0.05524402763513123,71.60957306814709,149.07145561382995,1.203942952461683,0.06329694347931814,0.1721859823514353,0.4433067096434051
hmc,1,0.002,0.2,100,2000,1000,1000,0,0.790595221,10118.958207059539,86.78925865583047,71.73857547049275,0.021697314663957617,0.01793464386762319,109.7771101450036,90.73995587748784,1.0925399137818192,0.0754997521931838,0.14884020499367212,0.38526802271143107
hmc,1,0.005,0.2,40,2000,1000,1000,0,0.296091987,27018.630531193674,49.18839164078779,168.2716134181394,0.012297097910196947,0.04206790335453485,166.1253725207626,568.30856897907,1.1141778371381217,0.0811727598648768,0.15675658157151118,0.22676189691139062
full-rmhmc,1,0.04,1.0,25,2000,1000,1000,0,3.615568251,2212.6535705106235,472.59675433772424,694.747581523762,0.11814918858443106,0.1736868953809405,130.7116119871372,192.15446460777156,1.010956194752978,0.7076885616515517,0.017956884827284667,0.03917894750082673
random-sketch-rmhmc,1,0.005,1.0,200,2000,1000,1000,0,25.639280496999998,312.02123635786364,487.11757549088395,761.268858296633,0.12177939387272099,0.19031721457415823,18.998878519538824,29.69150629580684,1.006063995540681,1.2267426102293406,0.015587840550533347,0.04561544487385956
random-sketch-rmhmc,1,0.01,1.0,100,2000,1000,1000,4,Inf,0.0,0.0,0.0,0.0,0.0,0.0,0.0,Inf,0.0,Inf,Inf
